{"v":"5.9.6","fr":30,"ip":0,"op":85,"w":375,"h":375,"nm":"Boost Pulse","ddd":0,"assets":[],"layers":[{"ddd":0,"ind":1,"ty":4,"nm":"boost-main","sr":1,"ks":{"o":{"a":0,"k":100,"ix":11},"r":{"a":0,"k":0,"ix":10},"p":{"a":0,"k":[188.5,187.5,0],"ix":2,"l":2},"a":{"a":0,"k":[6.5,9,0],"ix":1,"l":2},"s":{"a":1,"k":[{"i":{"x":[0.667,0.667,0.667],"y":[1,1,1]},"o":{"x":[0.333,0.333,0.333],"y":[0,0,0]},"t":0,"s":[1110,1110,100]},{"i":{"x":[0.667,0.667,0.667],"y":[1,1,1]},"o":{"x":[0.333,0.333,0.333],"y":[0,0,0]},"t":15,"s":[1200,1200,100]},{"t":55,"s":[1100,1100,100]}],"ix":6,"l":2}},"ao":0,"shapes":[{"ty":"gr","it":[{"ind":0,"ty":"sh","ix":1,"ks":{"a":0,"k":{"i":[[0.077,0.032],[-0.042,0.283],[0,0],[0,0],[0.122,0.15],[-0.045,0.189],[0,0],[-0.296,-0.008],[0,0],[-0.119,-0.147],[0.042,-0.187],[0,0],[0,0],[-0.105,-0.215],[0.134,-0.181],[0,0],[0.199,-0.008]],"o":[[-0.263,-0.111],[0,0],[0,0],[-0.194,0.005],[-0.122,-0.151],[0,0],[0.068,-0.288],[0,0],[0.189,-0.001],[0.121,0.149],[0,0],[0,0],[0.239,0],[0.091,0.206],[0,0],[-0.111,0.165],[-0.084,-0.001]],"v":[[-3.048,8.704],[-3.423,8.035],[-2.286,0.629],[-5.304,0.629],[-5.806,0.399],[-5.929,-0.14],[-4.054,-8.265],[-3.429,-8.746],[2.821,-8.746],[3.308,-8.515],[3.433,-7.983],[2.352,-3.121],[5.321,-3.121],[5.883,-2.771],[5.814,-2.146],[-2.311,8.479],[-2.804,8.754]],"c":true},"ix":2},"nm":"Path 1","mn":"ADBE Vector Shape - Group","hd":false},{"ty":"fl","c":{"a":0,"k":[0.121568627451,0.121568627451,0.125490196078,1],"ix":4},"o":{"a":0,"k":100,"ix":5},"r":1,"bm":0,"nm":"Fill 1","mn":"ADBE Vector Graphic - Fill","hd":false},{"ty":"tr","p":{"a":0,"k":[6.804,8.996],"ix":2},"a":{"a":0,"k":[0,0],"ix":1},"s":{"a":0,"k":[100,100],"ix":3},"r":{"a":0,"k":0,"ix":6},"o":{"a":0,"k":100,"ix":7},"sk":{"a":0,"k":0,"ix":4},"sa":{"a":0,"k":0,"ix":5},"nm":"Transform"}],"nm":"Group 1","np":2,"cix":2,"bm":0,"ix":1,"mn":"ADBE Vector Group","hd":false}],"ip":0,"op":85,"st":0,"ct":1,"bm":0},{"ddd":0,"ind":2,"ty":4,"nm":"boost-outline","sr":1,"ks":{"o":{"a":1,"k":[{"i":{"x":[0.833],"y":[0.833]},"o":{"x":[0.167],"y":[0.167]},"t":15.015,"s":[30]},{"t":45.044921875,"s":[0]}],"ix":11},"r":{"a":0,"k":0,"ix":10},"p":{"a":0,"k":[188.5,187.5,0],"ix":2,"l":2},"a":{"a":0,"k":[6.5,9,0],"ix":1,"l":2},"s":{"a":1,"k":[{"i":{"x":[0.667,0.667,0.667],"y":[1,1,1]},"o":{"x":[0.333,0.333,0.333],"y":[0,0,0]},"t":5.005,"s":[1050,1050,100]},{"t":20.0205078125,"s":[1200,1200,100]}],"ix":6,"l":2}},"ao":0,"shapes":[{"ty":"gr","it":[{"ind":0,"ty":"sh","ix":1,"ks":{"a":0,"k":{"i":[[0.291,0.12],[-0.042,0.283],[0,0],[0,0],[0.122,0.15],[-0.045,0.189],[0,0],[-0.511,0.021],[0,0],[-0.045,-0.09],[0.042,-0.187],[0,0],[0,0],[-0.105,-0.215],[0.134,-0.181],[0,0]],"o":[[-0.263,-0.111],[0,0],[0,0],[-0.194,0.005],[-0.122,-0.151],[0,0],[0.114,-0.429],[0,0],[0.189,-0.001],[0.044,0.087],[0,0],[0,0],[0.239,0],[0.091,0.206],[0,0],[-0.111,0.165]],"v":[[-3.282,9.194],[-3.423,8.035],[-2.286,0.629],[-5.304,0.629],[-5.806,0.399],[-5.929,-0.14],[-4.054,-8.265],[-3.429,-8.746],[2.821,-8.746],[3.511,-8.676],[3.433,-7.983],[2.352,-3.121],[5.321,-3.121],[5.883,-2.771],[5.814,-2.146],[-2.311,8.479]],"c":true},"ix":2},"nm":"Path 1","mn":"ADBE Vector Shape - Group","hd":false},{"ty":"tr","p":{"a":0,"k":[6.804,8.996],"ix":2},"a":{"a":0,"k":[0,0],"ix":1},"s":{"a":0,"k":[100,100],"ix":3},"r":{"a":0,"k":0,"ix":6},"o":{"a":0,"k":100,"ix":7},"sk":{"a":0,"k":0,"ix":4},"sa":{"a":0,"k":0,"ix":5},"nm":"Transform"}],"nm":"Group 1","np":2,"cix":2,"bm":0,"ix":1,"mn":"ADBE Vector Group","hd":false},{"ty":"st","c":{"a":0,"k":[0.121568627451,0.121568627451,0.125490196078,1],"ix":3},"o":{"a":0,"k":100,"ix":4},"w":{"a":0,"k":3,"ix":5},"lc":1,"lj":1,"ml":4,"bm":0,"nm":"Stroke 1","mn":"ADBE Vector Graphic - Stroke","hd":false}],"ip":5.00500500500501,"op":85,"st":0,"ct":1,"bm":0},{"ddd":0,"ind":3,"ty":4,"nm":"boost-outline 2","sr":1,"ks":{"o":{"a":1,"k":[{"i":{"x":[0.833],"y":[0.833]},"o":{"x":[0.167],"y":[0.167]},"t":20.02,"s":[20]},{"t":50.049926880005,"s":[0]}],"ix":11},"r":{"a":0,"k":0,"ix":10},"p":{"a":0,"k":[188.5,187.5,0],"ix":2,"l":2},"a":{"a":0,"k":[6.5,9,0],"ix":1,"l":2},"s":{"a":1,"k":[{"i":{"x":[0.667,0.667,0.667],"y":[1,1,1]},"o":{"x":[0.333,0.333,0.333],"y":[0,0,0]},"t":10.01,"s":[1050,1050,100]},{"t":25.025512817505,"s":[1200,1200,100]}],"ix":6,"l":2}},"ao":0,"shapes":[{"ty":"gr","it":[{"ind":0,"ty":"sh","ix":1,"ks":{"a":0,"k":{"i":[[0.077,0.032],[-0.042,0.283],[0,0],[0,0],[0.122,0.15],[-0.045,0.189],[0,0],[-0.296,-0.008],[0,0],[-0.119,-0.147],[0.042,-0.187],[0,0],[0,0],[-0.105,-0.215],[0.134,-0.181],[0,0],[0.199,-0.008]],"o":[[-0.263,-0.111],[0,0],[0,0],[-0.194,0.005],[-0.122,-0.151],[0,0],[0.068,-0.288],[0,0],[0.189,-0.001],[0.121,0.149],[0,0],[0,0],[0.239,0],[0.091,0.206],[0,0],[-0.111,0.165],[-0.084,-0.001]],"v":[[-3.048,8.704],[-3.423,8.035],[-2.286,0.629],[-5.304,0.629],[-5.806,0.399],[-5.929,-0.14],[-4.054,-8.265],[-3.429,-8.746],[2.821,-8.746],[3.308,-8.515],[3.433,-7.983],[2.352,-3.121],[5.321,-3.121],[5.883,-2.771],[5.814,-2.146],[-2.311,8.479],[-2.804,8.754]],"c":true},"ix":2},"nm":"Path 1","mn":"ADBE Vector Shape - Group","hd":false},{"ty":"tr","p":{"a":0,"k":[6.804,8.996],"ix":2},"a":{"a":0,"k":[0,0],"ix":1},"s":{"a":0,"k":[100,100],"ix":3},"r":{"a":0,"k":0,"ix":6},"o":{"a":0,"k":100,"ix":7},"sk":{"a":0,"k":0,"ix":4},"sa":{"a":0,"k":0,"ix":5},"nm":"Transform"}],"nm":"Group 1","np":2,"cix":2,"bm":0,"ix":1,"mn":"ADBE Vector Group","hd":false},{"ty":"st","c":{"a":0,"k":[0.121568627451,0.121568627451,0.125490196078,1],"ix":3},"o":{"a":0,"k":100,"ix":4},"w":{"a":0,"k":7,"ix":5},"lc":1,"lj":1,"ml":4,"bm":0,"nm":"Stroke 1","mn":"ADBE Vector Graphic - Stroke","hd":false}],"ip":10.01001001001,"op":85,"st":5.00500500500501,"ct":1,"bm":0}],"markers":[]}