{"v":"5.6.1","fr":60,"ip":0,"op":240,"w":100,"h":130,"nm":"hand_moving","ddd":0,"assets":[{"id":"image_0","w":87,"h":86,"u":"images/","p":"hand2.png","e":0}],"layers":[{"ddd":0,"ind":2,"ty":2,"nm":"hand2.png","cl":"png","refId":"image_0","sr":1,"ks":{"o":{"a":0,"k":100,"ix":11},"r":{"a":0,"k":0,"ix":10},"p":{"a":1,"k":[{"i":{"x":0.667,"y":1},"o":{"x":0.333,"y":0},"t":0,"s":[49.5,72,0],"e":[49.5,62,0],"to":[0,0,0],"ti":[0,0,0]},{"i":{"x":0.667,"y":1},"o":{"x":0.333,"y":0},"t":27,"s":[49.5,62,0],"e":[49.5,72,0],"to":[0,0,0],"ti":[0,0,0]},{"i":{"x":0.667,"y":1},"o":{"x":0.333,"y":0},"t":53,"s":[49.5,72,0],"e":[49.5,62,0],"to":[0,0,0],"ti":[0,0,0]},{"i":{"x":0.667,"y":1},"o":{"x":0.333,"y":0},"t":87,"s":[49.5,62,0],"e":[49.5,72,0],"to":[0,0,0],"ti":[0,0,0]},{"t":113}],"ix":2},"a":{"a":0,"k":[43.5,43,0],"ix":1},"s":{"a":0,"k":[100,100,100],"ix":6}},"ao":0,"ip":0,"op":259,"st":0,"bm":0}],"markers":[{"tm":5,"cm":"1","dr":0},{"tm":22,"cm":"2","dr":0}]}