{"v":"5.6.1","fr":60,"ip":0,"op":240,"w":150,"h":150,"nm":"android_chat","ddd":0,"assets":[{"id":"image_0","w":174,"h":174,"u":"images/","p":"message.png","e":0}],"layers":[{"ddd":0,"ind":1,"ty":4,"nm":"icon/message","sr":1,"ks":{"o":{"a":0,"k":100,"ix":11},"r":{"a":0,"k":0,"ix":10},"p":{"a":0,"k":[75,77,0],"ix":2},"a":{"a":0,"k":[0,0,0],"ix":1},"s":{"a":1,"k":[{"i":{"x":[0.833,0.833,0.833],"y":[1,1,1]},"o":{"x":[0.167,0.167,0.167],"y":[0,0,0]},"t":0,"s":[85,85,100],"e":[85,85,100]},{"i":{"x":[0.667,0.667,0.667],"y":[1,1,1]},"o":{"x":[0.333,0.333,0.333],"y":[0,0,0]},"t":59,"s":[85,85,100],"e":[100,100,100]},{"i":{"x":[0.667,0.667,0.667],"y":[1,1,1]},"o":{"x":[0.333,0.333,0.333],"y":[0,0,0]},"t":72,"s":[100,100,100],"e":[85,85,100]},{"t":84}],"ix":6}},"ao":0,"shapes":[{"ty":"gr","it":[{"ind":0,"ty":"sh","ix":1,"ks":{"a":0,"k":{"i":[[0,0],[-0.808,-0.546],[-0.438,0],[-0.384,0.292],[0,0],[0,0],[0,2.44],[0,0],[2.524,0],[0,0],[0,-2.441],[0,0],[-2.523,0],[0,0]],"o":[[-0.352,0.906],[0.365,0.247],[0.478,0],[0,0],[0,0],[2.523,0],[0,0],[0,-2.441],[0,0],[-2.524,0],[0,0],[0,2.441],[0,0],[0,0]],"v":[[-3.591,10.66],[-2.804,13.124],[-1.571,13.5],[-0.239,13.054],[7.124,7.46],[10.52,7.46],[15.12,3.063],[15.12,-9.102],[10.52,-13.5],[-10.52,-13.5],[-15.12,-9.102],[-15.12,3.063],[-10.52,7.46],[-2.345,7.46]],"c":true},"ix":2},"nm":"Path 1","mn":"ADBE Vector Shape - Group","hd":false},{"ind":1,"ty":"sh","ix":2,"ks":{"a":0,"k":{"i":[[0,0],[0,-1.218],[0,0],[1.358,0],[0,0],[0,0],[0,0],[0,0],[0,0],[0,1.218],[0,0],[-1.358,0]],"o":[[1.358,0],[0,0],[0,1.218],[0,0],[0,0],[0,0],[0,0],[0,0],[-1.358,0],[0,0],[0,-1.218],[0,0]],"v":[[10.52,-11.34],[12.96,-9.102],[12.96,3.063],[10.52,5.3],[6.396,5.3],[-1.531,11.323],[0.241,6.772],[0.815,5.3],[-10.52,5.3],[-12.96,3.063],[-12.96,-9.102],[-10.52,-11.34]],"c":true},"ix":2},"nm":"Path 2","mn":"ADBE Vector Shape - Group","hd":false},{"ty":"mm","mm":5,"nm":"Merge Paths 1","mn":"ADBE Vector Filter - Merge","hd":false},{"ty":"fl","c":{"a":0,"k":[0.988235294819,0.701960802078,0.086274512112,1],"ix":4},"o":{"a":0,"k":100,"ix":5},"r":1,"bm":0,"nm":"Fill 1","mn":"ADBE Vector Graphic - Fill","hd":false},{"ty":"tr","p":{"a":0,"k":[0,0],"ix":2},"a":{"a":0,"k":[0,0],"ix":1},"s":{"a":0,"k":[100,100],"ix":3},"r":{"a":0,"k":0,"ix":6},"o":{"a":0,"k":100,"ix":7},"sk":{"a":0,"k":0,"ix":4},"sa":{"a":0,"k":0,"ix":5},"nm":"Transform"}],"nm":"Path","np":4,"cix":2,"bm":0,"ix":1,"mn":"ADBE Vector Group","hd":false}],"ip":0,"op":243,"st":0,"bm":0},{"ddd":0,"ind":2,"ty":1,"nm":"Black Solid 1","sr":1,"ks":{"o":{"a":0,"k":100,"ix":11},"r":{"a":0,"k":0,"ix":10},"p":{"a":0,"k":[-61.278,-164.52,0],"ix":2},"a":{"a":0,"k":[180,320,0],"ix":1},"s":{"a":0,"k":[100,100,100],"ix":6}},"ao":0,"hasMask":true,"masksProperties":[{"inv":false,"mode":"a","pt":{"a":0,"k":{"i":[[0,0],[0,0],[0,0],[0,0]],"o":[[0,0],[0,0],[0,0],[0,0]],"v":[[332.555,545.25],[300,545.25],[300,573.789],[332.555,573.789]],"c":true},"ix":1},"o":{"a":0,"k":100,"ix":3},"x":{"a":0,"k":0,"ix":4},"nm":"Mask 1"}],"sw":360,"sh":640,"sc":"#000000","ip":0,"op":248,"st":0,"bm":0},{"ddd":0,"ind":3,"ty":2,"nm":"message.png","cl":"png","refId":"image_0","sr":1,"ks":{"o":{"a":0,"k":100,"ix":11},"r":{"a":0,"k":0,"ix":10},"p":{"a":0,"k":[75,75,0],"ix":2},"a":{"a":0,"k":[87,87,0],"ix":1},"s":{"a":0,"k":[33.333,33.333,100],"ix":6}},"ao":0,"ip":0,"op":248,"st":0,"bm":0}],"markers":[{"tm":54,"cm":"1","dr":0},{"tm":118,"cm":"2","dr":0}]}