{"v":"5.6.1","fr":60,"ip":0,"op":240,"w":150,"h":150,"nm":"android_tap","ddd":0,"assets":[{"id":"image_0","w":162,"h":162,"u":"images/","p":"tap.png","e":0},{"id":"comp_0","layers":[{"ddd":0,"ind":1,"ty":4,"nm":"Fill 6","sr":1,"ks":{"o":{"a":0,"k":100,"ix":11},"r":{"a":0,"k":0,"ix":10},"p":{"a":0,"k":[50.69,553.959,0],"ix":2},"a":{"a":0,"k":[0,0,0],"ix":1},"s":{"a":0,"k":[100,100,100],"ix":6}},"ao":0,"shapes":[{"ty":"gr","it":[{"ind":0,"ty":"sh","ix":1,"ks":{"a":0,"k":{"i":[[0,0],[0,0],[-0.472,-4.556],[-2.996,0.336],[0.324,3.12]],"o":[[-0.46,-4.447],[0,0],[0.322,3.122],[2.994,-0.337],[0,0]],"v":[[5.42,0.3],[-0.661,-6.592],[-5.422,1.515],[0.584,6.559],[5.42,0.3]],"c":false},"ix":2},"nm":"Path 1","mn":"ADBE Vector Shape - Group","hd":false},{"ty":"fl","c":{"a":0,"k":[1,0.92549020052,0.160784319043,1],"ix":4},"o":{"a":0,"k":100,"ix":5},"r":1,"bm":0,"nm":"Fill 1","mn":"ADBE Vector Graphic - Fill","hd":false},{"ty":"tr","p":{"a":0,"k":[0,0],"ix":2},"a":{"a":0,"k":[0,0],"ix":1},"s":{"a":0,"k":[100,100],"ix":3},"r":{"a":0,"k":0,"ix":6},"o":{"a":0,"k":100,"ix":7},"sk":{"a":0,"k":0,"ix":4},"sa":{"a":0,"k":0,"ix":5},"nm":"Transform"}],"nm":"Fill 6","np":2,"cix":2,"bm":0,"ix":1,"mn":"ADBE Vector Group","hd":false}],"ip":0,"op":3600,"st":0,"bm":0},{"ddd":0,"ind":2,"ty":4,"nm":"Fill 4","sr":1,"ks":{"o":{"a":0,"k":100,"ix":11},"r":{"a":0,"k":0,"ix":10},"p":{"a":0,"k":[50.594,548.225,0],"ix":2},"a":{"a":0,"k":[0,0,0],"ix":1},"s":{"a":0,"k":[100,100,100],"ix":6}},"ao":0,"shapes":[{"ty":"gr","it":[{"ind":0,"ty":"sh","ix":1,"ks":{"a":0,"k":{"i":[[0,0],[0,0],[0,-8.438],[-5.545,0],[0,5.777]],"o":[[0,-8.235],[0,0],[0,5.777],[5.543,0],[0,0]],"v":[[10.039,1.701],[0.213,-12.162],[-10.039,1.701],[0.001,12.162],[10.039,1.701]],"c":false},"ix":2},"nm":"Path 1","mn":"ADBE Vector Shape - Group","hd":false},{"ty":"fl","c":{"a":0,"k":[0.987417042255,0.749300003052,0.064205631614,1],"ix":4},"o":{"a":0,"k":100,"ix":5},"r":1,"bm":0,"nm":"Fill 1","mn":"ADBE Vector Graphic - Fill","hd":false},{"ty":"tr","p":{"a":0,"k":[0,0],"ix":2},"a":{"a":0,"k":[0,0],"ix":1},"s":{"a":0,"k":[100,100],"ix":3},"r":{"a":0,"k":0,"ix":6},"o":{"a":0,"k":100,"ix":7},"sk":{"a":0,"k":0,"ix":4},"sa":{"a":0,"k":0,"ix":5},"nm":"Transform"}],"nm":"Fill 4","np":2,"cix":2,"bm":0,"ix":1,"mn":"ADBE Vector Group","hd":false}],"ip":0,"op":3600,"st":0,"bm":0},{"ddd":0,"ind":3,"ty":4,"nm":"Fill 1","sr":1,"ks":{"o":{"a":0,"k":100,"ix":11},"r":{"a":0,"k":0,"ix":10},"p":{"a":0,"k":[50.003,543.136,0],"ix":2},"a":{"a":0,"k":[0,0,0],"ix":1},"s":{"a":0,"k":[100,100,100],"ix":6}},"ao":0,"shapes":[{"ty":"gr","it":[{"ind":0,"ty":"sh","ix":1,"ks":{"a":0,"k":{"i":[[0,0],[-0.339,4.879],[0,8.471],[2.942,-8.939],[-0.208,3.684],[2.074,-4.102],[4.615,-0.459],[1.883,2.483],[-1.4,-4.291]],"o":[[-4.177,-2.621],[0.584,-8.45],[8.744,3.687],[3.521,-1.228],[2.368,3.943],[-2.076,4.102],[-3.123,0.309],[-1.883,-2.482],[0,0]],"v":[[-9.068,17.216],[-15.299,5.048],[-2.99,-17.26],[7.264,5.048],[13.42,-3.064],[13.891,9.844],[3.163,17.216],[-4.897,13.684],[-9.068,17.216]],"c":false},"ix":2},"nm":"Path 1","mn":"ADBE Vector Shape - Group","hd":false},{"ty":"fl","c":{"a":0,"k":[0.951294839382,0.456984460354,0.161636143923,1],"ix":4},"o":{"a":0,"k":100,"ix":5},"r":1,"bm":0,"nm":"Fill 1","mn":"ADBE Vector Graphic - Fill","hd":false},{"ty":"tr","p":{"a":0,"k":[0,0],"ix":2},"a":{"a":0,"k":[0,0],"ix":1},"s":{"a":0,"k":[100,100],"ix":3},"r":{"a":0,"k":0,"ix":6},"o":{"a":0,"k":100,"ix":7},"sk":{"a":0,"k":0,"ix":4},"sa":{"a":0,"k":0,"ix":5},"nm":"Transform"}],"nm":"Fill 1","np":2,"cix":2,"bm":0,"ix":1,"mn":"ADBE Vector Group","hd":false}],"ip":0,"op":3600,"st":0,"bm":0}]}],"layers":[{"ddd":0,"ind":1,"ty":0,"nm":"fire float up","refId":"comp_0","sr":1,"ks":{"o":{"a":1,"k":[{"i":{"x":[0.833],"y":[1]},"o":{"x":[0.167],"y":[0]},"t":57,"s":[0],"e":[100]},{"i":{"x":[0.667],"y":[1]},"o":{"x":[0.333],"y":[0]},"t":66,"s":[100],"e":[100]},{"i":{"x":[0.138],"y":[1]},"o":{"x":[0.671],"y":[0]},"t":90,"s":[100],"e":[0]},{"t":111}],"ix":11},"r":{"a":0,"k":0,"ix":10},"p":{"a":1,"k":[{"i":{"x":0.667,"y":1},"o":{"x":0.333,"y":0},"t":66,"s":[207.598,-127.686,0],"e":[220.598,-147.186,0],"to":[0,0,0],"ti":[0,0,0]},{"i":{"x":0.667,"y":1},"o":{"x":0.333,"y":0},"t":87,"s":[220.598,-147.186,0],"e":[207.598,-172.186,0],"to":[0,0,0],"ti":[0,0,0]},{"i":{"x":0.667,"y":1},"o":{"x":0.167,"y":0},"t":115,"s":[207.598,-172.186,0],"e":[212.848,-164.436,0],"to":[0,0,0],"ti":[0,0,0]},{"t":138}],"ix":2},"a":{"a":0,"k":[187.5,333.5,0],"ix":1},"s":{"a":0,"k":[96,96,100],"ix":6}},"ao":0,"w":375,"h":667,"ip":0,"op":3600,"st":0,"bm":0},{"ddd":0,"ind":2,"ty":2,"nm":"tap.png","cl":"png","refId":"image_0","sr":1,"ks":{"o":{"a":0,"k":100,"ix":11},"r":{"a":0,"k":0,"ix":10},"p":{"a":0,"k":[75,75,0],"ix":2},"a":{"a":0,"k":[81,81,0],"ix":1},"s":{"a":0,"k":[33.333,33.333,100],"ix":6}},"ao":0,"ip":0,"op":297,"st":0,"bm":0}],"markers":[{"tm":54,"cm":"1","dr":0},{"tm":118,"cm":"2","dr":0}]}