{"v":"5.6.1","fr":60,"ip":0,"op":210,"w":57,"h":39,"nm":"BlinkingWhite","ddd":0,"assets":[{"id":"image_0","w":60,"h":42,"u":"images/","p":"eye-white.png","e":0},{"id":"comp_0","layers":[{"ddd":0,"ind":1,"ty":2,"nm":"eye-white.png","cl":"png","refId":"image_0","sr":1,"ks":{"o":{"a":0,"k":100,"ix":11},"r":{"a":0,"k":0,"ix":10},"p":{"a":0,"k":[28.5,19.5,0],"ix":2},"a":{"a":0,"k":[30,21,0],"ix":1},"s":{"a":0,"k":[95.833,95.833,100],"ix":6}},"ao":0,"ip":0,"op":3600,"st":0,"bm":0}]},{"id":"comp_1","layers":[{"ddd":0,"ind":1,"ty":4,"nm":"Combined Shape","sr":1,"ks":{"o":{"a":0,"k":100,"ix":11},"r":{"a":0,"k":0,"ix":10},"p":{"a":0,"k":[28.5,26.838,0],"ix":2},"a":{"a":0,"k":[0,0,0],"ix":1},"s":{"a":0,"k":[94.444,94.444,100],"ix":6}},"ao":0,"shapes":[{"ty":"gr","it":[{"ind":0,"ty":"sh","ix":1,"ks":{"a":0,"k":{"i":[[0,0],[0,0],[5.39,0]],"o":[[0,0],[0,0],[-5.39,0]],"v":[[-9,-2.946],[9,-2.946],[0,2.944]],"c":true},"ix":2},"nm":"Path 1","mn":"ADBE Vector Shape - Group","hd":false},{"ind":1,"ty":"sh","ix":2,"ks":{"a":0,"k":{"i":[[0,0],[0,0],[5.4,0]],"o":[[0,0],[0,0],[-5.39,0]],"v":[[-8.723,-4.277],[8.617,-4.277],[-0.003,1.943]],"c":true},"ix":2},"nm":"Path 2","mn":"ADBE Vector Shape - Group","hd":false},{"ty":"mm","mm":3,"nm":"Merge Paths 1","mn":"ADBE Vector Filter - Merge","hd":false},{"ty":"st","c":{"a":0,"k":[1,1,1,1],"ix":3},"o":{"a":0,"k":100,"ix":4},"w":{"a":0,"k":1,"ix":5},"lc":1,"lj":1,"ml":4,"bm":0,"nm":"Stroke 1","mn":"ADBE Vector Graphic - Stroke","hd":false},{"ty":"tr","p":{"a":0,"k":[0,0],"ix":2},"a":{"a":0,"k":[0,0],"ix":1},"s":{"a":0,"k":[300,300],"ix":3},"r":{"a":0,"k":0,"ix":6},"o":{"a":0,"k":100,"ix":7},"sk":{"a":0,"k":0,"ix":4},"sa":{"a":0,"k":0,"ix":5},"nm":"Transform"}],"nm":"Combined Shape","np":4,"cix":2,"bm":0,"ix":1,"mn":"ADBE Vector Group","hd":false}],"ip":0,"op":3600,"st":0,"bm":0}]}],"layers":[{"ddd":0,"ind":1,"ty":0,"nm":"1","refId":"comp_0","sr":0.25974025974026,"ks":{"o":{"a":0,"k":100,"ix":11},"r":{"a":0,"k":0,"ix":10},"p":{"a":0,"k":[28.5,19.5,0],"ix":2},"a":{"a":0,"k":[28.5,19.5,0],"ix":1},"s":{"a":0,"k":[100,100,100],"ix":6}},"ao":0,"w":57,"h":39,"ip":138,"op":1073.06493506494,"st":138,"bm":0},{"ddd":0,"ind":2,"ty":0,"nm":"1","refId":"comp_0","sr":0.25974025974026,"ks":{"o":{"a":0,"k":100,"ix":11},"r":{"a":0,"k":0,"ix":10},"p":{"a":0,"k":[28.5,19.5,0],"ix":2},"a":{"a":0,"k":[28.5,19.5,0],"ix":1},"s":{"a":0,"k":[100,61.538,100],"ix":6}},"ao":0,"w":57,"h":39,"ip":134,"op":138,"st":134,"bm":0},{"ddd":0,"ind":3,"ty":0,"nm":"3","refId":"comp_1","sr":0.25974025974026,"ks":{"o":{"a":0,"k":100,"ix":11},"r":{"a":0,"k":0,"ix":10},"p":{"a":0,"k":[28.5,19.5,0],"ix":2},"a":{"a":0,"k":[28.5,19.5,0],"ix":1},"s":{"a":0,"k":[100,69.231,100],"ix":6}},"ao":0,"w":57,"h":39,"ip":130,"op":134,"st":130,"bm":0},{"ddd":0,"ind":4,"ty":0,"nm":"1","refId":"comp_0","sr":0.25974025974026,"ks":{"o":{"a":0,"k":100,"ix":11},"r":{"a":0,"k":0,"ix":10},"p":{"a":0,"k":[28.5,19.5,0],"ix":2},"a":{"a":0,"k":[28.5,19.5,0],"ix":1},"s":{"a":0,"k":[100,61.538,100],"ix":6}},"ao":0,"w":57,"h":39,"ip":126,"op":130,"st":126,"bm":0},{"ddd":0,"ind":5,"ty":0,"nm":"1","refId":"comp_0","sr":0.25974025974026,"ks":{"o":{"a":0,"k":100,"ix":11},"r":{"a":0,"k":0,"ix":10},"p":{"a":0,"k":[28.5,19.5,0],"ix":2},"a":{"a":0,"k":[28.5,19.5,0],"ix":1},"s":{"a":0,"k":[100,100,100],"ix":6}},"ao":0,"w":57,"h":39,"ip":122,"op":126,"st":122,"bm":0},{"ddd":0,"ind":6,"ty":0,"nm":"1","refId":"comp_0","sr":0.25974025974026,"ks":{"o":{"a":0,"k":100,"ix":11},"r":{"a":0,"k":0,"ix":10},"p":{"a":0,"k":[28.5,19.5,0],"ix":2},"a":{"a":0,"k":[28.5,19.5,0],"ix":1},"s":{"a":0,"k":[100,66.667,100],"ix":6}},"ao":0,"w":57,"h":39,"ip":118,"op":122,"st":118,"bm":0},{"ddd":0,"ind":7,"ty":0,"nm":"3","refId":"comp_1","sr":0.25974025974026,"ks":{"o":{"a":0,"k":100,"ix":11},"r":{"a":0,"k":0,"ix":10},"p":{"a":0,"k":[28.5,19.5,0],"ix":2},"a":{"a":0,"k":[28.5,19.5,0],"ix":1},"s":{"a":0,"k":[100,58.974,100],"ix":6}},"ao":0,"w":57,"h":39,"ip":114,"op":118,"st":114,"bm":0},{"ddd":0,"ind":8,"ty":0,"nm":"1","refId":"comp_0","sr":0.25974025974026,"ks":{"o":{"a":0,"k":100,"ix":11},"r":{"a":0,"k":0,"ix":10},"p":{"a":0,"k":[28.5,19.5,0],"ix":2},"a":{"a":0,"k":[28.5,19.5,0],"ix":1},"s":{"a":0,"k":[100,47.436,100],"ix":6}},"ao":0,"w":57,"h":39,"ip":110,"op":114,"st":110,"bm":0},{"ddd":0,"ind":9,"ty":0,"nm":"1","refId":"comp_0","sr":0.25974025974026,"ks":{"o":{"a":0,"k":100,"ix":11},"r":{"a":0,"k":0,"ix":10},"p":{"a":0,"k":[28.5,19.5,0],"ix":2},"a":{"a":0,"k":[28.5,19.5,0],"ix":1},"s":{"a":0,"k":[100,100,100],"ix":6}},"ao":0,"w":57,"h":39,"ip":25,"op":110,"st":25,"bm":0},{"ddd":0,"ind":10,"ty":0,"nm":"1","refId":"comp_0","sr":0.25974025974026,"ks":{"o":{"a":0,"k":100,"ix":11},"r":{"a":0,"k":0,"ix":10},"p":{"a":0,"k":[28.5,19.5,0],"ix":2},"a":{"a":0,"k":[28.5,19.5,0],"ix":1},"s":{"a":0,"k":[100,100,100],"ix":6}},"ao":0,"w":57,"h":39,"ip":0,"op":46,"st":0,"bm":0}],"markers":[]}
